"Reference","Value","Qty","Description","MNP","MFT","Stock Link","Price"
"ANT1","0.9-1.8GHz","1","ANTENNA SMD 2G/3G/4G 690~2700MHz","AH3G.303","AntennaHome","https://www.thegioiic.com/ah3g-303-ang-ten-smd-2g-3g-4g-690-2700mhz","1.096"
"ANT2","UFL","1","CONN U.FL RCPT STR 50 OHM SMD","U.FL-R-SMT-1(40)","Hirose","https://www.thegioiic.com/cong-rf-1th-ipex-u-fl-r-smt-2-chan-dan-smd","0.070"
"BAT1,BAT2","3.7V/1.8Ah","2","BATT LITH-ION 3.7V 2.6AH 18650","PRT-12895","SparkFun","https://www.thegioiic.com/pin-sac-18650-1800mah-3-6v-4-2v","1.404"
"BT1","RESET","1","SWITCH TACTILE SPST-NO 0.05A 12V","EVQ-PE105K","Panasonic","https://www.thegioiic.com/nut-nhan-3x6mm-cao-5mm-2-chan-smd-dau-trang","0.022"
"BT2","APP","1","SWITCH TACTILE SPST-NO 0.05A 12V","EVQ-PE105K","Panasonic","https://www.thegioiic.com/nut-nhan-3x6mm-cao-5mm-2-chan-smd-dau-trang","0.022"
"C1,C6,C12,C16,C17,C25,C27,C34,C41,C42,C46,C47,C51,C61,C66,C70,C75","100nF","17","CAP CER 0.1UF 25V X7R 0603","CL10B104KA8NNNC","Samsung","https://www.thegioiic.com/tu-gom-0603-100nf-0-1uf-25v","0.0083"
"C2,C3,C7,C14,C18,C21,C22,C24,C30,C62,C63,C64,C67,C76","10uF","14","CAP CER 10UF 16V X5R 0805","CL21A106KOQNNNE"," Samsung","https://www.thegioiic.com/tu-gom-0805-10uf-16v","0.017"
"C4,C9,C10,C11,C13,C15,C23,C68,C69","100pF","9","CAP CER 100PF 50V C0G/NP0 0603","CL10C101JB8NNNC","Samsung","https://www.thegioiic.com/tu-gom-0603-100pf-50v","0.0083"
"C5,C19,C49,C65,C72","220uF","5","CAP ALUM 220UF 20% 16V SMD","EMK1CM221E83D00R","Aishi","https://www.thegioiic.com/tu-nhom-smd-220uf-16v-6-3x7-7mm","0.039"
"C8,C31,C36,C44,C50,C55,C60,C74","2.2uF","8","CAP CER 2.2UF 10V X7R 0603","CL10B225KP8NNNC","Samsung","https://www.thegioiic.com/tu-gom-0603-2-2uf-10v","0.018"
"C20,C26","470uF","2","CAP ALUM 470UF 20% 25V SMD","UUD1E471MNL1GS","Nichicon","https://www.thegioiic.com/tu-nhom-smd-470uf-25v-10x10-5mm","0.088"
"C28,C29","8.2pF","2","CAP CER 8.2PF 50V C0G/NP0 0603","CL10C8R2DB8NNNC","Samsung","https://www.thegioiic.com/tu-gom-0603-8-2pf-50v","0.0083"
"C32,C33,C35,C37,C38,C39,C40,C43,C45,C48,C52,C53,C54,C56,C59,C71,C73","22pF","17","CAP CER 22PF 50V C0G/NP0 0603","CL10C220JB8NFNC","Samsung","https://www.thegioiic.com/tu-gom-0603-22pf-50v","0.0083"
"C57,C58","10F/2.7V","2","SUPERCAP EDLC 10F 2.7V ESR 55mR","VEC2R7106QC","VinaTech","https://banlinhkien.com/sieu-tu-10f-2.7v-10x30mm-vec2r7106qc-p12117721.html","1.1285"
"D1,D2,D8","2A/0.5VF","3","DIODE SCHOTTKY 60V 2A SMA","SS26","MDD","https://www.thegioiic.com/ss26-sma-diode-schottky-2a","0.018"
"D3","LOW BAT","1","LED RED DIFFUSED 0603 SMD","B1931USD-20D000814U1930","Harvatek","https://www.thegioiic.com/led-do-0603-dan-smd-trong-suot-harvatek","0.015"
"D4","CHARGE","1","LED GREEN DIFFUSED 0603 SMD","B1931NG--20D001114U1930","Harvatek","https://www.thegioiic.com/led-xanh-la-0603-dan-smd-trong-suot-harvatek","0.015"
"D5","APP","1","LED ORANGE DIFFUSED 0603 SMD","B1911UD--20D001014U1930","Harvatek","https://www.thegioiic.com/led-cam-0603-dan-smd-trong-suot-harvatek","0.015"
"D6","TVS-5CH","1","TVS DIODE 5VWM 12.5V SC88/SC70-6","SMF05CT1G","Onsemi","https://www.thegioiic.com/smf05c-esd-protection-diode-array-sot-363","0.031"
"D7","NB","1","LED BLUE DIFFUSED 0603 SMD","E1221NB--05D000814U1930","Harvatek","https://www.thegioiic.com/led-xanh-duong-0603-dan-smd-trong-suot-harvatek","0.015"
"F1","1A","1","PTC RESET FUSE 24V 750MA 1812","MF-MSMF075/24-2","Bourns","https://www.thegioiic.com/mf-msmf075-24-2-cau-chi-tu-phuc-hoi-1812-24v-0-75a","0.154"
"FT1","100R@100MHz","1","FERRITE BEAD 100 OHM 0805 1LN","BK2125HS101-T","Taiyo Yuden","https://www.thegioiic.com/bk2125hs101-t-ferrite-beads-100-ohm-0805","0.018"
"J1","USB C","1","CONN RCP USB2.0 TYP C 24P SMD RA","USB4105-GF-A","GCT","https://linhkien.cxt.vn/6914-cong-type-c-cai-16p-usb-31-v2.html","0.0807"
"J2","SOLAR","1","SOLAR CELL 2W 9V 220MA 115x115x3MM","SOLAR9V-2W-115x115x3","OEM","https://www.thegioiic.com/tam-nang-luong-mat-troi-2w-9v","2.851"
"J3","PWR MONITOR","1","CONN HEADER R/A 4POS 2.54MM","PH2RA-04-UA","Adam Tech","https://www.thegioiic.com/hang-rao-duc-doi-2-54mm-80-chan-cong-2-hang-xuyen-lo","0.110"
"J4","RPDBG","1","PIN HEADER, THR, DUAL ROW, 1.27","PR20B05VBDN","METZ","https://www.thegioiic.com/hang-rao-duc-doi-1-27mm-80-chan-2-hang-cao-7-2mm-xuyen-lo","0.197"
"J5","NANOSIM","1","NANO SIM PUSH PULL, 6P, SMT, 1.3","SIM8051-6-0-14-01-A","GCT","https://www.thegioiic.com/ns-ol-6p-khay-cam-nanosim-6-chan-open-lock","0.154"
"J6,J7,J8","DIL08","3","CONN HEADER VERT 8POS 2MM","DF11-8DP-2DSA(08)","Hirose","https://www.thegioiic.com/cong-dc3-8-chan-2-hang-2-0mm-chan-thang","0.079"
"L1","2.2uH/3A","1","FIXED IND 2.2UH 4.35A 31MOHM SMD 5852","SDE0604A-2R2M","Bourns","https://www.thegioiic.com/cuon-cam-dan-smd-cd53-5852-2r2-2-2uh-3-5a","0.044"
"L2,L4","10uH/3A","2","FIXED IND 10UH 3.2A 70 MOHM SMD","SDE0805A-100M","Bourns","https://www.thegioiic.com/cuon-cam-dan-smd-cd75-7855-100-10uh-2-3a","0.044"
"L3","47nH","1","FIXED IND 47NH 380MA 700MOHM SMD 0603","HBLS1608-47NJ","HYHONGYEX","https://www.thegioiic.com/hbls1608-47nj-cuon-cam-47nh-0603-380ma","0.018"
"MD1","ME310G1","1","RF TXRX MODULE AT&T/VZW","ME310G1WW05T060400","Telit","https://www.digikey.com/en/products/detail/telit-cinterion/ME310G1WW05T060400/20484831","0"
"MD2","GPS ACTIVE ANTENNA","1","GPS ACTIVE ANT 19X19 IPEX CONNECTOR RF CABLE 10CM","1575R-A","AntennaHome","https://www.thegioiic.com/1575r-a-ang-ten-active-gps-19x19-dau-ipex-cap-rf-10cm","1.053"
"Q1,Q2","MFET N","2","MOSFET N-CH 30V 3.6A SOT23-3","SI2300DS-T1-GE3","Vishay","https://www.thegioiic.com/si2300ds-mosfet-kenh-n-30v-3-6a-sot-23","0.022"
"R1,R3,R4,R7,R25,R26","5.1K, 1%","6","RES 5.1K OHM 1% 1/10W 0603","RC0603FR-075K1L","YAGEO","https://linhkien.cxt.vn/2291-dien-tro-51k-0603-1-50c.html","0.002"
"R2,R8,R12,R15,R16,R17,R28,R30,R33,R34,R38","1K","11","","","","","0.002"
"R5,R6,R11,R14,R18,R20,R22,R24,R27,R32,R37","10K, 1%","11","","","","","0.002"
"R9","75K","1","","","","","0.002"
"R10","36K, 1%","1","","","","","0.002"
"R13,R36","53.2K, 1%","2","","","","","0.002"
"R19","100K, 1%","1","","","","","0.002"
"R21","680K, 1%","1","","","","","0.002"
"R23,R29,R31,Z2","0R","4","","","","","0.002"
"R35","150R","1","","","","","0.002"
"R39,R40","150K, 1%","2","","","","","0.002"
"TP1","VUSB","1","","","","",""
"TP2","VNB","1","","","","",""
"TP3","5V","1","","","","",""
"TP4","3V3","1","","","","",""
"TP5","VBAT","1","","","","",""
"TP6","GND","1","","","","",""
"TP7","VDD","1","","","","",""
"TP8","1V8","1","","","","",""
"TP9","VLNA","1","","","","",""
"TP10","VBOOST","1","","","","",""
"U1","BUCK 5V","1","IC BUCK REG MULTI CONFIG ADJ SOT-23-6","MT1470","AEROSEMI","https://www.thegioiic.com/mt1470-ic-dieu-chinh-giam-ap-2a-sot-23-6","0.083"
"U2","BUCK-BOOST 3.8V","1","IC REG BCK BST 5V 2A 15VQFN","TPS630701RNMR","TI","https://www.digikey.com/en/products/detail/texas-instruments/TPS630701RNMR/6175215","1.89"
"U3","IDEAL DIODE","1","IC OR CTRLR IDEAL DIODE SC70-6","LM66100DCKR","TI","https://www.digikey.com/en/products/detail/texas-instruments/LM66100DCKR/10273183","0.41"
"U4","MCP73871","1","IC BATT CHG LI-ION 1CELL 4.2V 20QFN","MCP73871T-2CCI/ML","Microchip","https://www.digikey.com/en/products/detail/microchip-technology/MCP73871T-2CCI-ML/1680976","2.41"
"U5","MCP1700","1","IC REG LINEAR 3.3V 250MA SOT23-3","MCP1700T-3302E/TT","Microchip","https://www.thegioiic.com/mcp1700t-3302e-tt-ic-on-ap-3-3v-250ma","0.132"
"U6","SPI Memory","1","IC FLASH 16MBIT SPI 50MHZ 8SOIC","SST25VF016B-50-4C-S2AF","Microchip","https://www.digikey.com/en/products/detail/microchip-technology/SST25VF016B-50-4C-S2AF/2297794","0"
"U7","PIC32MM MCU","1","IC MCU 32BIT 256KB FLASH 48TQFP","PIC32MM0256GPM048-I/PT","Microchip","https://www.digikey.com/en/products/detail/microchip-technology/PIC32MM0256GPM048-I-PT/7354721","0"
"U8,U9","LEVEL SHIFT 1-CH","2","IC TRANSLATOR BIDIR SOT23-6","SN74LVC1T45DBVR","TI","https://www.thegioiic.com/sn74lvc1t45dbvr-ic-voltage-level-shifter-bus-transceiver-6-sot-23","0.219"
"U10","LDO 3.3V/300mA","1","IC REG LINEAR 3.3V 300MA SOT23-5","RT9193-33GB","Richtek","https://www.thegioiic.com/rt9193-33gb-ic-on-ap-3-3v-300ma","0.132"
"U11","DUST SENSOR","1","DUST SENSOR UNIT","GP2Y1014AU","  SHARP","https://www.thegioiic.com/gp2y1014au-cam-bien-bui-pm2-5","4.079"
"U12","HUMI & TEMP","1","INDUSTRIAL SENSOR HUMID/TEMP","SHT40I-AD1B-R3","  Sensirion","https://www.digikey.com/en/products/detail/sensirion-ag/SHT40I-AD1B-R3/15792545","2.1"
"U13","BOOST 5V","1","IC BOOST REG MULTI CONFIG ADJ SOT-23-6","MT3608L","AEROSEMI","https://www.thegioiic.com/mt3608-ic-dieu-chinh-tang-ap-2a-sot-23-6","0.132"
"U14","BM1383","1","SENSOR 15.95PSIA 16BIT CLGA12V","BM1383AGLV-ZE2","Rohm","https://store.rpc.vn/bm1383aglv-ze2.html","6.58"
"X1","32.768kHz","1","CRYSTAL 32.7680KHZ 9PF SMD","MC-146 32.7680KA-AC0: ROHS","EPSON","https://www.thegioiic.com/thach-anh-32-768khz-mc-146-crystal-7015-4-chan","0.154"
"Z1,Z3","Cx","2","","","","",""
